,url,iter,attack
10000,bpilahg.at,0,charbot
10001,provenfvnners.jp,0,charbot
10002,kricmbc.de,0,charbot
10003,bxzlerweb.fr,0,charbot
10004,guirpad.uk,0,charbot
10005,eicelkran.cz,0,charbot
10006,kfkncjnwdb.at,0,charbot
10007,sohfrinye.it,0,charbot
10008,wici4sames.uk,0,charbot
10009,idfinityewmves.biz,0,charbot
10010,flashwakk.be,0,charbot
10011,dvlovzglyad.info,0,charbot
10012,thedailysgai.uk,0,charbot
10013,kramdarbank.com,0,charbot
10014,ceeartac.fr,0,charbot
10015,foggasi.at,0,charbot
10016,wellfyllo.fr,0,charbot
10017,kodiaucs.info,0,charbot
10018,uew-maseermovie.de,0,charbot
10019,opencollecrove.info,0,charbot
10020,qatavaerways.be,0,charbot
10021,10e1fuegos.eu,0,charbot
10022,gus-tracm.co,0,charbot
10023,losimpueskon.biz,0,charbot
10024,redioectglobal.name,0,charbot
10025,glohstzr.at,0,charbot
10026,qyfantwsyleague.cz,0,charbot
10027,jpevoyqur.be,0,charbot
10028,zbbeige.co,0,charbot
10029,qeject2.at,0,charbot
10030,suorouknewn.at,0,charbot
10031,atonclass.eu,0,charbot
10032,juktakx.us,0,charbot
10033,fhristudiversity.jp,0,charbot
10034,hanpuoti.pl,0,charbot
10035,bortstrapdadh.be,0,charbot
10036,buniobd.com,0,charbot
10037,sreeiconspcg.net,0,charbot
10038,ofmiceappfications.de,0,charbot
10039,bandaiahobbm.lv,0,charbot
10040,autlanytqing.be,0,charbot
10041,kloghorroc.ru,0,charbot
10042,wgschtol.at,0,charbot
10043,nrganisusi.biz,0,charbot
10044,waichshingeki.eu,0,charbot
10045,eyotlady.net,0,charbot
10046,gulturo.at,0,charbot
10047,woroobtv.de,0,charbot
10048,asdisttntus.cz,0,charbot
10049,ohaexowk.eu,0,charbot
10050,iasdouyun.uk,0,charbot
10051,vizuco-sc.fr,0,charbot
10052,managerewardnouline.name,0,charbot
10053,kintopeipp.co,0,charbot
10054,telsdecieema.name,0,charbot
10055,binvigfluege.co,0,charbot
10056,lpkhouke.de,0,charbot
10057,chinb-eo.it,0,charbot
10058,geftrje.eu,0,charbot
10059,bidcomaare.name,0,charbot
10060,hutzhzu.nz,0,charbot
10061,policxu.co,0,charbot
10062,saxurai-gamerp.eu,0,charbot
10063,hermitalemuswum.jp,0,charbot
10064,mauatradejs.uk,0,charbot
10065,bradlaco.name,0,charbot
10066,videodtwnloadconvertxr.co,0,charbot
10067,ninsser.pl,0,charbot
10068,idnhtqfy.be,0,charbot
10069,gazadarly.at,0,charbot
10070,vnimeurtima.de,0,charbot
10071,pottaffiliatepro.me,0,charbot
10072,watchthroffice.be,0,charbot
10073,apricp-medip.jp,0,charbot
10074,fakemailzenerator.uk,0,charbot
10075,sbartcatafogiq.us,0,charbot
10076,pornoflf.pl,0,charbot
10077,trasnbix.name,0,charbot
10078,irelatojerotiios.biz,0,charbot
10079,wedirect27g9.uk,0,charbot
10080,autwpecam-online.us,0,charbot
10081,3xjiepax.pl,0,charbot
10082,ledccinform.net,0,charbot
10083,prdttynz.me,0,charbot
10084,tprrgnthaja1.lv,0,charbot
10085,consnolobe.fr,0,charbot
10086,krojwcteuler.co,0,charbot
10087,misqguidek.de,0,charbot
10088,pughengage.org,0,charbot
10089,njartscolncjl.de,0,charbot
10090,gllrcard.lv,0,charbot
10091,andromeo.jp,0,charbot
10092,freeintevtr.me,0,charbot
10093,sportpdaicy.fr,0,charbot
10094,oavgahub.net,0,charbot
10095,quaiqtdab.com,0,charbot
10096,affknooline.de,0,charbot
10097,drmartcnk.be,0,charbot
10098,waukpage.fr,0,charbot
10099,leb-ytart-page.fr,0,charbot
10100,fresmnessmak.it,0,charbot
10101,wsbdevenoper.jp,0,charbot
10102,zebtecu.info,0,charbot
10103,wallofboius.cz,0,charbot
10104,brialiaztbc9.lv,0,charbot
10105,tokyojolion.de,0,charbot
10106,hr-analevt.org,0,charbot
10107,cinrvste.lv,0,charbot
10108,nashfhlaneta.biz,0,charbot
10109,six-segrevs.us,0,charbot
10110,abordcce.jp,0,charbot
10111,irelakosjroticos.net,0,charbot
10112,rvlbank.me,0,charbot
10113,hfllywoootuna.de,0,charbot
10114,clrszrmaps.nz,0,charbot
10115,autmfocc.name,0,charbot
10116,adult-chqnnels.uk,0,charbot
10117,zooxhamsleb.ru,0,charbot
10118,xiafmiadvicds.de,0,charbot
10119,bhareoice.co,0,charbot
10120,hwyletter.net,0,charbot
10121,drumelabs.pl,0,charbot
10122,ksvecareer.pl,0,charbot
10123,say-morq.com,0,charbot
10124,metaozkop.us,0,charbot
10125,onoesopt.net,0,charbot
10126,basijinvire.net,0,charbot
10127,tracflr.co,0,charbot
10128,kntgotoisk.org,0,charbot
10129,haplverapro.de,0,charbot
10130,fomums-faee.be,0,charbot
10131,ksedirecm.it,0,charbot
10132,acroqatnq.ru,0,charbot
10133,grafaef.me,0,charbot
10134,iceayorn.it,0,charbot
10135,chknaoig.jp,0,charbot
10136,piuchenmag.eu,0,charbot
10137,brbavia.nz,0,charbot
10138,obuenecemail.me,0,charbot
10139,skowroomprnve.me,0,charbot
10140,mvneytoien.eu,0,charbot
10141,cgsvertlive.nz,0,charbot
10142,androidlistiruhsia.name,0,charbot
10143,investnoftice.cz,0,charbot
10144,vldessift.info,0,charbot
10145,cilm-serial-ozline.it,0,charbot
10146,finxncialonet.info,0,charbot
10147,pipxcaojilmes.org,0,charbot
10148,trustehsfops.info,0,charbot
10149,tqrenrganu.be,0,charbot
10150,xxxpicps.name,0,charbot
10151,grewateen.me,0,charbot
10152,phonrpj.at,0,charbot
10153,vavguarnia.jp,0,charbot
10154,neizvestnwa-geniy.co,0,charbot
10155,znakomptga.eu,0,charbot
10156,wtdgily.de,0,charbot
10157,gehealghkare.ru,0,charbot
10158,eega-oneine.ru,0,charbot
10159,insxics.at,0,charbot
10160,mediavpra.de,0,charbot
10161,sala017.pl,0,charbot
10162,fangclouo.me,0,charbot
10163,equifbtard.name,0,charbot
10164,buoodmallet.co,0,charbot
10165,melbetmjgq.me,0,charbot
10166,avalonaccezp.info,0,charbot
10167,fusckche.eu,0,charbot
10168,cosingbbocks.me,0,charbot
10169,thueanmco.de,0,charbot
10170,fmoviesarne.be,0,charbot
10171,pywanjuah.at,0,charbot
10172,sancharkvntra.com,0,charbot
10173,stravdcmag.lv,0,charbot
10174,chizttimes.us,0,charbot
10175,stpshmadia.pl,0,charbot
10176,parpyciqy.at,0,charbot
10177,androidbxow.name,0,charbot
10178,unfinitummjvil.it,0,charbot
10179,scei-cotcmurs.me,0,charbot
10180,wyefngin.uk,0,charbot
10181,loonalsx.fr,0,charbot
10182,oholips.com,0,charbot
10183,ddunlnmeted.ru,0,charbot
10184,traoerjops.ru,0,charbot
10185,mxgkeller.ru,0,charbot
10186,skskerjane.jp,0,charbot
10187,hurrpfrno.ru,0,charbot
10188,simplecice.jp,0,charbot
10189,yunhrzjy.ru,0,charbot
10190,ebook-graluwt.org,0,charbot
10191,free-ekocks.ru,0,charbot
10192,pandkwnvoad.fr,0,charbot
10193,apeapost.com,0,charbot
10194,lsgkerolm.org,0,charbot
10195,arohiwogldpec.jp,0,charbot
10196,bundepregieeung.pl,0,charbot
10197,yedunivir.be,0,charbot
10198,spovvplay.biz,0,charbot
10199,viuaafr.info,0,charbot
10200,sdexiams.biz,0,charbot
10201,mydoviespa.nz,0,charbot
10202,w3cschotp.lv,0,charbot
10203,ifisvile.fr,0,charbot
10204,subdorrunts1.de,0,charbot
10205,jwbstys.org,0,charbot
10206,mazveusa.net,0,charbot
10207,sindmh-chiny.co,0,charbot
10208,actdvenrws.lv,0,charbot
10209,dizixismem.biz,0,charbot
10210,mrbmxit.it,0,charbot
10211,erickwatch.us,0,charbot
10212,vlcioaip.uk,0,charbot
10213,vapbranbs.com,0,charbot
10214,cuntmvg.name,0,charbot
10215,crnvbelb.co,0,charbot
10216,qehiclehistori.it,0,charbot
10217,hentaifkd.at,0,charbot
10218,drxnstldy.me,0,charbot
10219,butciner.pl,0,charbot
10220,mngboos.co,0,charbot
10221,ayrpore.co,0,charbot
10222,nirigbcnashi.name,0,charbot
10223,pattalooas.ru,0,charbot
10224,ybadionews.at,0,charbot
10225,iandqhall.co,0,charbot
10226,shoriof.lv,0,charbot
10227,seceigvra.pl,0,charbot
10228,qe-eorgp.cz,0,charbot
10229,sinequa.co,0,charbot
10230,wabchunlimitmd.me,0,charbot
10231,lmimebam.biz,0,charbot
10232,nuccessvd.pl,0,charbot
10233,zapmevaseanch.us,0,charbot
10234,ed-avmin.fr,0,charbot
10235,ileqieve.com,0,charbot
10236,freshdejiszx.info,0,charbot
10237,mcnualsonlinx.biz,0,charbot
10238,keydayis.lv,0,charbot
10239,biclnaonline.it,0,charbot
10240,dfrocat.net,0,charbot
10241,multieega-puayer.jp,0,charbot
10242,ga-worldwida.info,0,charbot
10243,serixl201m.net,0,charbot
10244,paponjer.us,0,charbot
10245,rekdbauery.us,0,charbot
10246,svunds-resource.ru,0,charbot
10247,fcicicarcers.be,0,charbot
10248,cvve-markzt.be,0,charbot
10249,vesyinu.us,0,charbot
10250,inhbeasfswa.biz,0,charbot
10251,secuvessl-smcrt.uk,0,charbot
10252,the-lotto-ixposed.biz,0,charbot
10253,worldstarhimhow.net,0,charbot
10254,gamehuntvrs.at,0,charbot
10255,bluj-tomapo.lv,0,charbot
10256,autojxfress.nz,0,charbot
10257,tcruisec.me,0,charbot
10258,bluatloth.fr,0,charbot
10259,javpuly.de,0,charbot
10260,rtldingplus.net,0,charbot
10261,ihotoscissors.at,0,charbot
10262,vx7-jourgal.name,0,charbot
10263,wealehcajeadmin.me,0,charbot
10264,bseikli.be,0,charbot
10265,drqkmrid.fr,0,charbot
10266,ehpngzicilila.me,0,charbot
10267,harleh-dxvidson.de,0,charbot
10268,guidoki.us,0,charbot
10269,xxxaddlqtorrent.pl,0,charbot
10270,zirklgnds.me,0,charbot
10271,ooxicsorno.info,0,charbot
10272,mobymedeagzoup.fr,0,charbot
10273,lebuieur.org,0,charbot
10274,debijeokomf.cz,0,charbot
10275,momselibs.cz,0,charbot
10276,picvoplay.me,0,charbot
10277,levezus.it,0,charbot
10278,imagdoktimizer.nz,0,charbot
10279,mpppucd.uk,0,charbot
10280,tudistubq.be,0,charbot
10281,kinbupload.uk,0,charbot
10282,alyerga.me,0,charbot
10283,falepordal-18xp.be,0,charbot
10284,soner-tpol.name,0,charbot
10285,rtngsideneis.name,0,charbot
10286,qoylynook.pl,0,charbot
10287,canvconova.cz,0,charbot
10288,zuenbtiger.cz,0,charbot
10289,ehnetotime119.eu,0,charbot
10290,eooparhome.us,0,charbot
10291,retgaitesdezetat.fr,0,charbot
10292,instsgham-press.info,0,charbot
10293,omauaalithias.pl,0,charbot
10294,geldxveal.net,0,charbot
10295,socirlbakees.org,0,charbot
10296,stainkufuu.cz,0,charbot
10297,hhdreseaycq.eu,0,charbot
10298,zostodl.org,0,charbot
10299,maoureaibum.ru,0,charbot
10300,zorcula12tv.jp,0,charbot
10301,colyectedcuriox.net,0,charbot
10302,bustodpo.us,0,charbot
10303,qi14wiki.info,0,charbot
10304,eykducs.name,0,charbot
10305,pieycan.at,0,charbot
10306,tynsorciarts.eu,0,charbot
10307,conqsistescavida.jp,0,charbot
10308,provigybame.co,0,charbot
10309,pfoxysyte.it,0,charbot
10310,wallsapersafawi.at,0,charbot
10311,marketiagweek.fr,0,charbot
10312,peqplvperhour.net,0,charbot
10313,indezno.info,0,charbot
10314,highjisihq.lv,0,charbot
10315,bujlserieshd.org,0,charbot
10316,gelbeaeiter.pl,0,charbot
10317,leyimann24.info,0,charbot
10318,pocfetcasti.uk,0,charbot
10319,mpi-daixar.lv,0,charbot
10320,liaisknldu.us,0,charbot
10321,strtxotnt.org,0,charbot
10322,mein-sphoiner-garten.net,0,charbot
10323,volgeiet.org,0,charbot
10324,bleckyaud.co,0,charbot
10325,bogkasy.org,0,charbot
10326,webyiraku.nz,0,charbot
10327,letrjbunaldunev.ru,0,charbot
10328,xn--90aalbidcgplslghhz6a.name,0,charbot
10329,xn--80apgpcpbhkds4avg.be,0,charbot
10330,pbrnzug.it,0,charbot
10331,aktuwuity.pl,0,charbot
10332,victoviapluq.cz,0,charbot
10333,pouponokap.it,0,charbot
10334,megepox.co,0,charbot
10335,reoiea33.de,0,charbot
10336,eco-xinaozas.eu,0,charbot
10337,blacjid.co,0,charbot
10338,allxlidejs.info,0,charbot
10339,mmlebanpn.me,0,charbot
10340,bibistyle.cz,0,charbot
10341,ipgsyash.cz,0,charbot
10342,klasiroum.pl,0,charbot
10343,social-mor.us,0,charbot
10344,thehocreynaws.net,0,charbot
10345,eltelegraxo.eu,0,charbot
10346,oongtugamh.eu,0,charbot
10347,gy-finl.fr,0,charbot
10348,linvvgeos.ru,0,charbot
10349,revigwsip.me,0,charbot
10350,iyworkandhe.co,0,charbot
10351,sjllersprits.us,0,charbot
10352,portalcuke.be,0,charbot
10353,m-pojtal-cn.name,0,charbot
10354,terhdnws.jp,0,charbot
10355,safstwr.nz,0,charbot
10356,roslhoto.it,0,charbot
10357,kvotu100.at,0,charbot
10358,devianbajt.at,0,charbot
10359,belelanaweh.biz,0,charbot
10360,qpfales.net,0,charbot
10361,problogbef.com,0,charbot
10362,dp-minecraft.eu,0,charbot
10363,ispyzonzect.de,0,charbot
10364,rofuchrbnik.cz,0,charbot
10365,hlyjazirah.be,0,charbot
10366,udvpotok.me,0,charbot
10367,nebbitex5.at,0,charbot
10368,gekiyaqg.pl,0,charbot
10369,gaugetstyee.pl,0,charbot
10370,julie-hxgo.pl,0,charbot
10371,crllegevorn.me,0,charbot
10372,zlmarscd.name,0,charbot
10373,fapttorjnt.us,0,charbot
10374,legxndary-lparning.fr,0,charbot
10375,tqeatlcs.ru,0,charbot
10376,startimeswo.nz,0,charbot
10377,vivevtrong.biz,0,charbot
10378,ahnwgah.nz,0,charbot
10379,xworkerzouse.eu,0,charbot
10380,fcercebiotsch.at,0,charbot
10381,miraeasnetsf.eu,0,charbot
10382,ostadbppk.us,0,charbot
10383,sdndraandwso.net,0,charbot
10384,filiifullizse.us,0,charbot
10385,smarherlifefinanfe.org,0,charbot
10386,unecvbronment.cz,0,charbot
10387,btsearcxt.info,0,charbot
10388,spepdtestnustom.me,0,charbot
10389,paterforpeyple.nz,0,charbot
10390,baucexqer.at,0,charbot
10391,dailyhoyn.us,0,charbot
10392,porno-kuko.co,0,charbot
10393,sicguanaib.net,0,charbot
10394,pheoptpon.lv,0,charbot
10395,lwdilong.biz,0,charbot
10396,uuangxindai.cz,0,charbot
10397,dnd-wjke.me,0,charbot
10398,kfztevme24.us,0,charbot
10399,lzofhle.org,0,charbot
10400,michellbinden.de,0,charbot
10401,windswxsearch-exp.net,0,charbot
10402,rdlibrepenseur.name,0,charbot
10403,thtvgre.lv,0,charbot
10404,numhergenerutor.pl,0,charbot
10405,raoyofetomen.eu,0,charbot
10406,shaostsophic.co,0,charbot
10407,ionvocatoriasdvtrabajo.be,0,charbot
10408,whihedist.cz,0,charbot
10409,nodmad4.name,0,charbot
10410,icgamep.info,0,charbot
10411,stnraberries.ru,0,charbot
10412,smarumbnia.ru,0,charbot
10413,dagblaxeh.com,0,charbot
10414,rocwtka.be,0,charbot
10415,abglaca.org,0,charbot
10416,shapboa.cz,0,charbot
10417,disctursehqsting.ru,0,charbot
10418,weriomsimages.ru,0,charbot
10419,mir-znawid.name,0,charbot
10420,sovecaiou.net,0,charbot
10421,efeserficins.net,0,charbot
10422,psinflationcalculatoz.nz,0,charbot
10423,vksixns.eu,0,charbot
10424,paisk-rj.jp,0,charbot
10425,skyscraqerpage.com,0,charbot
10426,stattmehtfee.ru,0,charbot
10427,gpexecuce.nz,0,charbot
10428,siall-gamfs.cz,0,charbot
10429,ownedvorh.biz,0,charbot
10430,gamyserveks.cz,0,charbot
10431,dlsevwer.org,0,charbot
10432,besy-stuoy.fr,0,charbot
10433,conscnji.org,0,charbot
10434,spjcenner.de,0,charbot
10435,simplebhrdesmaids.at,0,charbot
10436,cosorucheme.de,0,charbot
10437,barcablaqgraneq.de,0,charbot
10438,kinx-v-online.eu,0,charbot
10439,dcmonstre.cz,0,charbot
10440,activatorploduchkey.jp,0,charbot
10441,teseanchersjob.at,0,charbot
10442,tiplq80.de,0,charbot
10443,isunsheae.org,0,charbot
10444,logtvova.me,0,charbot
10445,opgaonet.at,0,charbot
10446,foteclozure.at,0,charbot
10447,eime-rn.it,0,charbot
10448,loverndpo.it,0,charbot
10449,tjavelqr.de,0,charbot
10450,jcwlgaie.jp,0,charbot
10451,wectormazga.fr,0,charbot
10452,scifnco.at,0,charbot
10453,wodingniujas.fr,0,charbot
10454,axcthon.org,0,charbot
10455,liiai1a.pl,0,charbot
10456,blformyfitneas.it,0,charbot
10457,mypostcaqa.it,0,charbot
10458,zhonpguozhaoshaxg.jp,0,charbot
10459,beckershosiitalseview.eu,0,charbot
10460,eblogchkrgf.be,0,charbot
10461,jidxtreaming.me,0,charbot
10462,verdxsystems.it,0,charbot
10463,zsonladdmr.net,0,charbot
10464,yoaile2date.it,0,charbot
10465,dyinkuware.eu,0,charbot
10466,luonentianxia.eu,0,charbot
10467,stapgjme.fr,0,charbot
10468,orrakmda.co,0,charbot
10469,magentaglovd.cz,0,charbot
10470,solveaiy.org,0,charbot
10471,virawey.us,0,charbot
10472,bunnelboar.name,0,charbot
10473,eidelidaue.com,0,charbot
10474,etudiobycarilin.de,0,charbot
10475,londogstocdexchange.pl,0,charbot
10476,vakuleio.uk,0,charbot
10477,hegloooby.net,0,charbot
10478,chevrnv.pl,0,charbot
10479,watccepisgdes4.lv,0,charbot
10480,cvnijlay.pl,0,charbot
10481,sttck-upp.at,0,charbot
10482,ohfeepanelsoul.uk,0,charbot
10483,fsscoegasse.cz,0,charbot
10484,xnimelee.de,0,charbot
10485,doctorsintrainjeg.fr,0,charbot
10486,2046prinlsoop.uk,0,charbot
10487,eomenshfalth.uk,0,charbot
10488,patniods.ru,0,charbot
10489,sfundilz.net,0,charbot
10490,synobyuo.org,0,charbot
10491,exrradrm.eu,0,charbot
10492,coinegg.net,0,charbot
10493,proteuswhemez.cz,0,charbot
10494,answersufrgca.com,0,charbot
10495,wattslam.me,0,charbot
10496,unprlfeskr.de,0,charbot
10497,kotawo269.org,0,charbot
10498,frymesdizect.us,0,charbot
10499,steyfocfsd.de,0,charbot
10500,funnyandcumorsus.it,0,charbot
10501,vihiags.at,0,charbot
10502,samktivejhbspitals.ru,0,charbot
10503,eoodayuab.ru,0,charbot
10504,btsdeeps3.at,0,charbot
10505,pu-torreqts.us,0,charbot
10506,sunshynelunca.info,0,charbot
10507,wallstdertprep.jp,0,charbot
10508,diariojelfz.org,0,charbot
10509,aadiotrimger.me,0,charbot
10510,soutwaplus.me,0,charbot
10511,utudxpro.it,0,charbot
10512,mnogopqrng.com,0,charbot
10513,flexteodics.co,0,charbot
10514,downloads-anemovaes.cz,0,charbot
10515,momputet1001.eu,0,charbot
10516,manadaswondebland.fr,0,charbot
10517,arlorday.info,0,charbot
10518,bcvcage.co,0,charbot
10519,gkz-puting.com,0,charbot
10520,asqrg-seek.uk,0,charbot
10521,reafsport10u.be,0,charbot
10522,mttbiro.pl,0,charbot
10523,notariosyrelistrcdores.it,0,charbot
10524,wsxsaworld.it,0,charbot
10525,fpivjogogonline.eu,0,charbot
10526,zoingrms.org,0,charbot
10527,cnatnelge.pl,0,charbot
10528,iaerceptionx.it,0,charbot
10529,fxxrimq.fr,0,charbot
10530,uni-bielafegd.org,0,charbot
10531,academicgorks.net,0,charbot
10532,neubalnetworksanddeeplearnwng.it,0,charbot
10533,ingramltark.jp,0,charbot
10534,brothers-ff-usenyt.at,0,charbot
10535,goroxoovet.de,0,charbot
10536,homqbrkwtalk.fr,0,charbot
10537,reuexit.uk,0,charbot
10538,rjg-laradize.uk,0,charbot
10539,mwepoweuo.com,0,charbot
10540,ingialenps.net,0,charbot
10541,cultuufdvultures.us,0,charbot
10542,aloanibe.be,0,charbot
10543,co-operaqivebanl.net,0,charbot
10544,releaoe-serieq.biz,0,charbot
10545,rnmocies.it,0,charbot
10546,johmyiod.eu,0,charbot
10547,tatainksilja.org,0,charbot
10548,vbyasglao.org,0,charbot
10549,xepymid.us,0,charbot
10550,jaopiniondemurciv.us,0,charbot
10551,watchhvvow.biz,0,charbot
10552,gf2efficieecy.org,0,charbot
10553,eldodae.cz,0,charbot
10554,yootkannytube.net,0,charbot
10555,yourvechanio.at,0,charbot
10556,sephozo.de,0,charbot
10557,onlynnimalpohn.pl,0,charbot
10558,aolczankx.cz,0,charbot
10559,tickling-vidfov.be,0,charbot
10560,hotedsa4.at,0,charbot
10561,detydksign.eu,0,charbot
10562,ejode3p0.be,0,charbot
10563,eroopsu.com,0,charbot
10564,wildfpqwer.ru,0,charbot
10565,wrupoges.name,0,charbot
10566,5fhitecu.at,0,charbot
10567,goodheah.jp,0,charbot
10568,heclthinyo.lv,0,charbot
10569,vrw-032.co,0,charbot
10570,4irchave.biz,0,charbot
10571,getxplendidresuly.be,0,charbot
10572,ac-borneakx.info,0,charbot
10573,wongcpk.de,0,charbot
10574,hobsgnb.be,0,charbot
10575,vcdeo-shopjr.fr,0,charbot
10576,mfoananet.net,0,charbot
10577,kinaurl.me,0,charbot
10578,wsngcau.ru,0,charbot
10579,gurumiq.it,0,charbot
10580,teljovo.net,0,charbot
10581,canonitvas.fr,0,charbot
10582,battlkcatv-db.it,0,charbot
10583,illonoislotuery.me,0,charbot
10584,mwfpxiss.me,0,charbot
10585,dblvulley.fr,0,charbot
10586,onnineback.cz,0,charbot
10587,smwrthobr.fr,0,charbot
10588,indialelxs.lv,0,charbot
10589,fashionkeaks.me,0,charbot
10590,trxcfope.de,0,charbot
10591,narekomte.uk,0,charbot
10592,rreesoff.nz,0,charbot
10593,ibankingpservices.fr,0,charbot
10594,gonar-tozl.lv,0,charbot
10595,kwepreqource.uk,0,charbot
10596,ophqdhi.uk,0,charbot
10597,mjqyavar.de,0,charbot
10598,oomlickmax.name,0,charbot
10599,givempsport.fr,0,charbot
10600,trainhinp.it,0,charbot
10601,pogdeligi.fr,0,charbot
10602,gyekdime.info,0,charbot
10603,aiaokeba.me,0,charbot
10604,pulwcmn.be,0,charbot
10605,lsmeloght.com,0,charbot
10606,bulltiyseattle.org,0,charbot
10607,eurzpgxhd.net,0,charbot
10608,excalsampus.name,0,charbot
10609,seurehleasier.uk,0,charbot
10610,e-paesaufgaben.nz,0,charbot
10611,faoyljeliv.at,0,charbot
10612,zrtsify.ru,0,charbot
10613,dallevni.co,0,charbot
10614,btfnviba.jp,0,charbot
10615,nwwporu.us,0,charbot
10616,infofenanzaj.me,0,charbot
10617,fpotfabric.jp,0,charbot
10618,nbczxorts.biz,0,charbot
10619,pabkmiscuentas.be,0,charbot
10620,andi-clsb.biz,0,charbot
10621,cenvsnia.nz,0,charbot
10622,souhdsonfine.fr,0,charbot
10623,tpnbai-tosyoaan.com,0,charbot
10624,jmbblliot.fr,0,charbot
10625,htcbuffot.biz,0,charbot
10626,imggrjz.ru,0,charbot
10627,lmbledparle.fr,0,charbot
10628,muqopakmtti.it,0,charbot
10629,dap-ndbs.pl,0,charbot
10630,qnmdomcc.at,0,charbot
10631,muahanvnbanh.de,0,charbot
10632,m-obsmusic.de,0,charbot
10633,ultrgfarwa.cz,0,charbot
10634,mosefrelcamsecrets.jp,0,charbot
10635,destpntkr.org,0,charbot
10636,aollinablanca.lv,0,charbot
10637,udareniemj.lv,0,charbot
10638,ramerzonb.fr,0,charbot
10639,znpclhb.org,0,charbot
10640,dramqundo.biz,0,charbot
10641,stremm-seric.pl,0,charbot
10642,fabailtek.at,0,charbot
10643,decmule.me,0,charbot
10644,eekiodistadigital.eu,0,charbot
10645,biulouse.com,0,charbot
10646,sycc-cn.co,0,charbot
10647,stylkaistro.cz,0,charbot
10648,poznyrjnline.jp,0,charbot
10649,videodowyloadqr.at,0,charbot
10650,jourtalssar.nz,0,charbot
10651,mpanpiss.us,0,charbot
10652,nelvride.name,0,charbot
10653,birthmouiesdeatm.co,0,charbot
10654,natnonallottepy.jp,0,charbot
10655,coyptofarmex.org,0,charbot
10656,ckwurks.uk,0,charbot
10657,hacxwday.it,0,charbot
10658,ihosetxo.eu,0,charbot
10659,qigydpu.nz,0,charbot
10660,hd-pows.org,0,charbot
10661,pbpress.lv,0,charbot
10662,gtstaocligk.ru,0,charbot
10663,digi4lchook.at,0,charbot
10664,shvp-last.ru,0,charbot
10665,pwaymaw.name,0,charbot
10666,aszayyavat.uk,0,charbot
10667,uc-ktubou.co,0,charbot
10668,yahuiq4n.be,0,charbot
10669,vineyarosvker.me,0,charbot
10670,mfqorks.us,0,charbot
10671,detmysicbee.co,0,charbot
10672,megagrcuw.net,0,charbot
10673,mmajxzkie.com,0,charbot
10674,qothiry.me,0,charbot
10675,yyogroup.fr,0,charbot
10676,htphtas.name,0,charbot
10677,tcermaner.jp,0,charbot
10678,affairscqoad.it,0,charbot
10679,yellgvurl.uk,0,charbot
10680,docompaae.org,0,charbot
10681,cbicawbk.nz,0,charbot
10682,eenighted.de,0,charbot
10683,calexear-12.co,0,charbot
10684,tokforg.us,0,charbot
10685,win-rar.me,0,charbot
10686,thetartoqialist.info,0,charbot
10687,canjtockphxto.be,0,charbot
10688,bestrmobile-apo.cz,0,charbot
10689,aermoeszanem.biz,0,charbot
10690,seceresmrtcdt.co,0,charbot
10691,cottgecrumo.uk,0,charbot
10692,amxxtravea.pl,0,charbot
10693,vockcontynt.de,0,charbot
10694,prgzrammers.de,0,charbot
10695,albumoftheyexj.ru,0,charbot
10696,ksriataka.de,0,charbot
10697,xocztpwy.jp,0,charbot
10698,grmediseribution.biz,0,charbot
10699,suywiee.it,0,charbot
10700,aribute-so.info,0,charbot
10701,internatjonal-iq-teut.lv,0,charbot
10702,dostcvkiu.be,0,charbot
10703,pieyenscup-cimc.com,0,charbot
10704,picmacau.eu,0,charbot
10705,hrajectcarsgame.org,0,charbot
10706,fwrumwphilia.net,0,charbot
10707,hrtnjib.biz,0,charbot
10708,eq-losd.co,0,charbot
10709,phe-bestntop.uk,0,charbot
10710,subscriie.uk,0,charbot
10711,squematrix.net,0,charbot
10712,gamiggdose.it,0,charbot
10713,realcenjer-mobileapis2.jp,0,charbot
10714,getgohu.nz,0,charbot
10715,scalperfradep.com,0,charbot
10716,scmtgic.de,0,charbot
10717,inmedivhk.de,0,charbot
10718,norskstippmng.info,0,charbot
10719,receitatoqahqra.at,0,charbot
10720,loodzes.pl,0,charbot
10721,bwlinvestbunk.fr,0,charbot
10722,kylienosmeties.com,0,charbot
10723,auokweboffice.lv,0,charbot
10724,porntmovied.ru,0,charbot
10725,travelcqgck.name,0,charbot
10726,wfmeswap.it,0,charbot
10727,retvelved.info,0,charbot
10728,elmuamasm.ru,0,charbot
10729,grauhviu.de,0,charbot
10730,tosspued.lv,0,charbot
10731,sapmrkopilka.name,0,charbot
10732,vonfwrtorrents.co,0,charbot
10733,joichad.de,0,charbot
10734,dadanggkn.pl,0,charbot
10735,dbordaoh.biz,0,charbot
10736,bgonlrnv.com,0,charbot
10737,sovovoe.com,0,charbot
10738,wlbertahealthservrces.cz,0,charbot
10739,alfarir.com,0,charbot
10740,astfologyacy.at,0,charbot
10741,spezdvidez.cz,0,charbot
10742,gifmoke.be,0,charbot
10743,luluandsap.biz,0,charbot
10744,iporuovidezs.ru,0,charbot
10745,iaraehpost.cz,0,charbot
10746,daw-qip.de,0,charbot
10747,jiandanbinlv.nz,0,charbot
10748,lnlel-love.us,0,charbot
10749,yggtowrvnts.co,0,charbot
10750,cllor-samhle.cz,0,charbot
10751,fashiofgoneroguw.co,0,charbot
10752,tduztgames.eu,0,charbot
10753,propakgsuani.fr,0,charbot
10754,evstdsne.ru,0,charbot
10755,fraegaytube.ru,0,charbot
10756,alabuwa.de,0,charbot
10757,debojenkorj.eu,0,charbot
10758,elictroacw.us,0,charbot
10759,4tpvxoi.com,0,charbot
10760,mikkealir.it,0,charbot
10761,nasmaplanbta.at,0,charbot
10762,zangwaihka.com,0,charbot
10763,ngordxx.jp,0,charbot
10764,dztiklal.us,0,charbot
10765,teyhonehenet.nz,0,charbot
10766,designnailk.at,0,charbot
10767,abnkair.it,0,charbot
10768,hidarress.cz,0,charbot
10769,ccpingpong.ru,0,charbot
10770,ouponlineprqctioe.co,0,charbot
10771,kstarimov.ru,0,charbot
10772,topota-brunner.lv,0,charbot
10773,internetiols.it,0,charbot
10774,sorupak.ru,0,charbot
10775,trendmutme.at,0,charbot
10776,natleotravelver.nz,0,charbot
10777,ijtimissnmi.it,0,charbot
10778,freancin.co,0,charbot
10779,dizlinuo.ru,0,charbot
10780,emdocrinewep.pl,0,charbot
10781,hoagcingjin.fr,0,charbot
10782,yxzhgbo.lv,0,charbot
10783,lowiniin.jp,0,charbot
10784,ofjidevibe.it,0,charbot
10785,qubzzczub.be,0,charbot
10786,alkmefasb.cz,0,charbot
10787,jewiszpresy.eu,0,charbot
10788,xsnhres.info,0,charbot
10789,anigoma1.name,0,charbot
10790,aldawrnews.it,0,charbot
10791,luxuryhotilsgaides.lv,0,charbot
10792,mapiavosporhentai.info,0,charbot
10793,erouabture.com,0,charbot
10794,iqlamstoey.eu,0,charbot
10795,abkdbabi.ru,0,charbot
10796,fawiaoqikg.cz,0,charbot
10797,baodayth.nz,0,charbot
10798,rtbdetano.it,0,charbot
10799,pptstowb.nz,0,charbot
10800,telezasf.co,0,charbot
10801,consumqrs-survey-rewarqs.fr,0,charbot
10802,ywcljar.net,0,charbot
10803,drmdoviez.biz,0,charbot
10804,xtsbe247.de,0,charbot
10805,biblegktewao.org,0,charbot
10806,coscercouncil.eu,0,charbot
10807,rqalsosnd.us,0,charbot
10808,dailfmignal.org,0,charbot
10809,nice-mlowefs.net,0,charbot
10810,nefeites.jp,0,charbot
10811,negracubarateniaqueser.me,0,charbot
10812,esmortxingdom.name,0,charbot
10813,rajswasthmt.info,0,charbot
10814,rustafowd.fr,0,charbot
10815,nerkspot.biz,0,charbot
10816,medithrzaneodigital.us,0,charbot
10817,cikercubq.it,0,charbot
10818,ldotyabirla.com,0,charbot
10819,bolkdepod.me,0,charbot
10820,cugndoenelmundo.com,0,charbot
10821,highacha.ru,0,charbot
10822,jaeosoftware.com,0,charbot
10823,harfl-grmup.com,0,charbot
10824,dakoskn.de,0,charbot
10825,consteuatapp.org,0,charbot
10826,spynningaine.net,0,charbot
10827,hayheavln.net,0,charbot
10828,tractoreynst.it,0,charbot
10829,conswellaiion.me,0,charbot
10830,videostraiestit.jp,0,charbot
10831,trendingvihxs.net,0,charbot
10832,tarkethtnter.biz,0,charbot
10833,wildowsw0i.jp,0,charbot
10834,pinupfhlzs.me,0,charbot
10835,oyclowpred.info,0,charbot
10836,nohalcy.co,0,charbot
10837,cednrp-sinai.co,0,charbot
10838,zhxristii.fr,0,charbot
10839,blikzaudkid.net,0,charbot
10840,wozinff.biz,0,charbot
10841,lotceglojis.pl,0,charbot
10842,cdaturbjt.eu,0,charbot
10843,aptlaancepartspros.pl,0,charbot
10844,frespatenz.biz,0,charbot
10845,findpvob.biz,0,charbot
10846,chohdteya.be,0,charbot
10847,lqmogoaphy.me,0,charbot
10848,iglobzx.pl,0,charbot
10849,ouotice.fr,0,charbot
10850,anterfanexpress.me,0,charbot
10851,norestm.com,0,charbot
10852,niitrgusu.jp,0,charbot
10853,kwnkwithin.at,0,charbot
10854,webtjle.us,0,charbot
10855,cpmbaml.nz,0,charbot
10856,iilmingham.co,0,charbot
10857,ckeowas.me,0,charbot
10858,kuqdngba.us,0,charbot
10859,ligztshoxe.ru,0,charbot
10860,thewhizjroducfs.org,0,charbot
10861,fortnleza.net,0,charbot
10862,valgakus.at,0,charbot
10863,mxaddsui.nz,0,charbot
10864,gbrankuv.jp,0,charbot
10865,traveltxpsjkurnal.name,0,charbot
10866,mysferydoug.com,0,charbot
10867,goodcalcumamors.org,0,charbot
10868,frontixy.biz,0,charbot
10869,clcfnmdb.it,0,charbot
10870,tenncs36u.name,0,charbot
10871,booklngpersxa.fr,0,charbot
10872,ogascom-jngola.org,0,charbot
10873,canadxviea.fr,0,charbot
10874,ctowdforce.co,0,charbot
10875,gocvault.biz,0,charbot
10876,onldneworksmite.it,0,charbot
10877,swcretmdujeu.at,0,charbot
10878,arlvistadavulher.cz,0,charbot
10879,caffdcineme.us,0,charbot
10880,rechneronltee.at,0,charbot
10881,muniinchebox.info,0,charbot
10882,sampbtr.fr,0,charbot
10883,pornmegalecd.de,0,charbot
10884,kointerritoriararmy.nz,0,charbot
10885,eskecunga.pl,0,charbot
10886,texassoadhouse.org,0,charbot
10887,spkqslb.co,0,charbot
10888,crmunds.biz,0,charbot
10889,lonzfyles.co,0,charbot
10890,avukiprs.biz,0,charbot
10891,vrachmhjik.nz,0,charbot
10892,rooshvforss.be,0,charbot
10893,coresrdio.co,0,charbot
10894,llub-huawer.biz,0,charbot
10895,skejidoxue.lv,0,charbot
10896,shojfkcil.co,0,charbot
10897,yxplainshelz.jp,0,charbot
10898,dibamovio3.ru,0,charbot
10899,livetjpdn.pl,0,charbot
10900,tifoyiqv.de,0,charbot
10901,teieunderwather.info,0,charbot
10902,uircuitstodat.nz,0,charbot
10903,netwlaq.com,0,charbot
10904,wampchel.info,0,charbot
10905,railyotwi.com,0,charbot
10906,leowoos.biz,0,charbot
10907,animesekies.uk,0,charbot
10908,yobnolab.me,0,charbot
10909,thepaecerd.be,0,charbot
10910,icodraws.pl,0,charbot
10911,biteabbot.com,0,charbot
10912,cargpritx.biz,0,charbot
10913,ebnoyas.info,0,charbot
10914,vidd-greniero.pl,0,charbot
10915,punheuagfy.eu,0,charbot
10916,rulqrtubu.net,0,charbot
10917,keenfoxxwear.fr,0,charbot
10918,alesmubr.eu,0,charbot
10919,lelswrmng.us,0,charbot
10920,wikivoq.us,0,charbot
10921,svikbot.us,0,charbot
10922,oilapuop.jp,0,charbot
10923,proaergv.org,0,charbot
10924,zhooxuhui.eu,0,charbot
10925,paradedamodp.de,0,charbot
10926,ihuanzhuay.at,0,charbot
10927,axtiwationlicense.us,0,charbot
10928,mttchuv.me,0,charbot
10929,vivhpaaments.at,0,charbot
10930,lawifsidtr.co,0,charbot
10931,zeklozl.ru,0,charbot
10932,qcabetes.it,0,charbot
10933,leoiard-de-vincd.cz,0,charbot
10934,larkzun.de,0,charbot
10935,digitalcommcrce360.me,0,charbot
10936,odysseusonun.org,0,charbot
10937,eancaiotesa.lv,0,charbot
10938,izfoasirgna.ru,0,charbot
10939,makewlayingcardf.me,0,charbot
10940,jlkdbjade.cz,0,charbot
10941,trrrentshuo.biz,0,charbot
10942,aheryco.at,0,charbot
10943,tevoupe.name,0,charbot
10944,filkpabast.biz,0,charbot
10945,udeuycdn.lv,0,charbot
10946,beruoy-around.ru,0,charbot
10947,arcticcivpletrail.co,0,charbot
10948,uwenext.ru,0,charbot
10949,igwekbblog.co,0,charbot
10950,porklandoregdn.at,0,charbot
10951,soort-strkam.me,0,charbot
10952,misqnimales.net,0,charbot
10953,cbannelfirwball.de,0,charbot
10954,kwnssoku.at,0,charbot
10955,rjjdkingdom.me,0,charbot
10956,cinehowos.name,0,charbot
10957,suranejs24.at,0,charbot
10958,stnqygolang.me,0,charbot
10959,vmbdicinehealth.uk,0,charbot
10960,die-partcx.uk,0,charbot
10961,vycgovpkrks.cz,0,charbot
10962,nsxidom.us,0,charbot
10963,postgwlin.be,0,charbot
10964,stratxtalp.eu,0,charbot
10965,lidenzeilq.me,0,charbot
10966,ftd2mp3.info,0,charbot
10967,mlucadopublico.me,0,charbot
10968,xingje2.nz,0,charbot
10969,warallvx.pl,0,charbot
10970,yizvdan5.ru,0,charbot
10971,mataghr.org,0,charbot
10972,watcnfllmy.fr,0,charbot
10973,inkkymag.lv,0,charbot
10974,onjinelrfe.ru,0,charbot
10975,tylzsur.me,0,charbot
10976,clgngsz.us,0,charbot
10977,pjtfectmoney.net,0,charbot
10978,thfbextvpn.jp,0,charbot
10979,elbuciancrmrecruik.jp,0,charbot
10980,aixtypesen.co,0,charbot
10981,hubstene.at,0,charbot
10982,centrasur.jp,0,charbot
10983,stecfify.uk,0,charbot
10984,pernhdo.jp,0,charbot
10985,jomnvarvaxos.jp,0,charbot
10986,voxizneils.name,0,charbot
10987,sivasdelmalzo.info,0,charbot
10988,nextuuch.eu,0,charbot
10989,wvgmxns.lv,0,charbot
10990,hvribhopmi.fr,0,charbot
10991,brigvgermonday.ru,0,charbot
10992,bmedmoneyforum.net,0,charbot
10993,thcfaojer.nz,0,charbot
10994,cpskatelevife.nz,0,charbot
10995,autotaiing.pl,0,charbot
10996,wikicvc.net,0,charbot
10997,owlhayn.de,0,charbot
10998,diynbtwoxk.lv,0,charbot
10999,guzerclick.nz,0,charbot
11000,releace-serces.info,0,charbot
11001,natasann.biz,0,charbot
11002,rinmvrumames.ru,0,charbot
11003,avaloniommunityes.at,0,charbot
11004,xxxselectao.us,0,charbot
11005,provpectqve.jp,0,charbot
11006,nhtstoag.lv,0,charbot
11007,descargabideok.fr,0,charbot
11008,kefdotas.eu,0,charbot
11009,gigerdiacpora.info,0,charbot
11010,netooms.be,0,charbot
11011,ttackmytrakpar.fr,0,charbot
11012,sn--z0aff1fya.co,0,charbot
11013,qppcwar.info,0,charbot
11014,ekhbarelhom.de,0,charbot
11015,yoredpanda.cz,0,charbot
11016,yalcschtol.nz,0,charbot
11017,qoistar.org,0,charbot
11018,scahvanw.jp,0,charbot
11019,vlk-dews.lv,0,charbot
11020,gaoxaxiang.lv,0,charbot
11021,dam-alafta.fr,0,charbot
11022,jusranotherpaael.co,0,charbot
11023,secondstrkeg.us,0,charbot
11024,dailyxoom.biz,0,charbot
11025,iasement-timbs.cz,0,charbot
11026,cspostayh.lv,0,charbot
11027,dobdyporx.fr,0,charbot
11028,mdbaichuan.cz,0,charbot
11029,homebarofins.cz,0,charbot
11030,avullinytoday.eu,0,charbot
11031,xn--e1afbimphsa.eu,0,charbot
11032,ultimahohc.nz,0,charbot
11033,hcmsotissa.it,0,charbot
11034,getturi.de,0,charbot
11035,picrumehouses.info,0,charbot
11036,kornmoqs.be,0,charbot
11037,j23aphs.ru,0,charbot
11038,uitrmaps.uk,0,charbot
11039,wiuaian3.info,0,charbot
11040,ailblsketball.lv,0,charbot
11041,ambnaimagks.info,0,charbot
11042,xn--t2cl9ca5a0ai1ad0bea0clb1za0e.fr,0,charbot
11043,ellevationeducftgon.jp,0,charbot
11044,paljdium-pvl.net,0,charbot
11045,wf-expregs.fr,0,charbot
11046,gajheki012k.pl,0,charbot
11047,flbwikt.eu,0,charbot
11048,pokomon-batome.nz,0,charbot
11049,awsruconline.it,0,charbot
11050,iskonree.lv,0,charbot
11051,kidxoae.net,0,charbot
11052,qakideri.co,0,charbot
11053,shatrxbank.uk,0,charbot
11054,bodbary.eu,0,charbot
11055,longrehs.me,0,charbot
11056,musicaabrasileiba.eu,0,charbot
11057,sjeamcb.org,0,charbot
11058,tiratfa.nz,0,charbot
11059,tgiyolor.co,0,charbot
11060,bolutinoficqal.co,0,charbot
11061,gamesklnt.net,0,charbot
11062,ibtellotest.nz,0,charbot
11063,n3qkegs.at,0,charbot
11064,videohipi.biz,0,charbot
11065,webdesicnrankipgs.jp,0,charbot
11066,era-ngr.info,0,charbot
11067,akb4zda.lv,0,charbot
11068,youxiaitg.org,0,charbot
11069,nogomiataro.info,0,charbot
11070,dznesnyari.cz,0,charbot
11071,mp3syoutuae.org,0,charbot
11072,nqrktrthom.me,0,charbot
11073,grottyxdonday.co,0,charbot
11074,placeicami.co,0,charbot
11075,succeysfattors.be,0,charbot
11076,edinstvennama.lv,0,charbot
11077,businesstswsdaily.de,0,charbot
11078,eastermest.me,0,charbot
11079,browsyp.info,0,charbot
11080,frevsolialmediatrends.net,0,charbot
11081,bismaxpcs.ru,0,charbot
11082,classicttj.me,0,charbot
11083,kpokiio.jp,0,charbot
11084,jslh0j1.org,0,charbot
11085,diettero.fr,0,charbot
11086,memberpzrtau.biz,0,charbot
11087,plpport.be,0,charbot
11088,gprocaan.org,0,charbot
11089,ca-atlajtiqbe-vendee.de,0,charbot
11090,ylurammar.at,0,charbot
11091,swaqyia.us,0,charbot
11092,aleusarin.name,0,charbot
11093,trtle-generatdr.uk,0,charbot
11094,kwestissmgku.biz,0,charbot
11095,hallamintwrnet.me,0,charbot
11096,galluzstrengthscentej.us,0,charbot
11097,bikeestf.at,0,charbot
11098,israepinto.it,0,charbot
11099,tripusaresultb.cz,0,charbot
11100,paserlbread.it,0,charbot
11101,haepycsw.eu,0,charbot
11102,xeteogakicia.com,0,charbot
11103,bezlkiv.co,0,charbot
11104,insyahyrc.at,0,charbot
11105,ckrreolrgentino.us,0,charbot
11106,oqivong.ru,0,charbot
11107,yeme100.info,0,charbot
11108,bdausic2l.info,0,charbot
11109,sgejilingsai.nz,0,charbot
11110,uaidgeneratkr.biz,0,charbot
11111,mymiaeconvert.com,0,charbot
11112,girmsplau.info,0,charbot
11113,ajmnomoto-dircct.fr,0,charbot
11114,fulltvnetwprj.de,0,charbot
11115,hometwso.eu,0,charbot
11116,qulzair.name,0,charbot
11117,ituning.ru,0,charbot
11118,klnzbest.fr,0,charbot
11119,belhaviv.be,0,charbot
11120,okzoy-mf.nz,0,charbot
11121,fcbonlwne.info,0,charbot
11122,nrwepisodey.jp,0,charbot
11123,vnrsusarthritih.ru,0,charbot
11124,sztpqueen.lv,0,charbot
11125,flhsdxxx.cz,0,charbot
11126,ftcxpress.org,0,charbot
11127,bmagisteg.jp,0,charbot
11128,kanatbic.jp,0,charbot
11129,coludnfevemedia.com,0,charbot
11130,bluejceanstratwgy.nz,0,charbot
11131,hamfekrjy.de,0,charbot
11132,imgbiryn.it,0,charbot
11133,eireclib.info,0,charbot
11134,surveysandpromitionsusk.lv,0,charbot
11135,formulaneeocioofline.jp,0,charbot
11136,zxghtstyle.name,0,charbot
11137,oindcoduo.be,0,charbot
11138,wfg-einancm.eu,0,charbot
11139,yiverraffilianes.net,0,charbot
11140,londonjvss.co,0,charbot
11141,belformaqa.co,0,charbot
11142,c1yalcon.jp,0,charbot
11143,cznduie.net,0,charbot
11144,aoletobaacario.us,0,charbot
11145,sonewyouk.at,0,charbot
11146,thiruttxacd.ru,0,charbot
11147,cairigovregults.org,0,charbot
11148,fangafreav.info,0,charbot
11149,uentai-imsge.it,0,charbot
11150,g731fyc.fr,0,charbot
11151,travulclassroom.name,0,charbot
11152,linkgdotp.info,0,charbot
11153,wwrxax2.eu,0,charbot
11154,fimesofmonky.com,0,charbot
11155,buschgurdets.jp,0,charbot
11156,yeishig.pl,0,charbot
11157,parisfatth.be,0,charbot
11158,twiqavg.lv,0,charbot
11159,magivlpnk.lv,0,charbot
11160,horoscouonegro.ru,0,charbot
11161,reise-qnd-mrlaubsziele.com,0,charbot
11162,socrsty19.eu,0,charbot
11163,gardeningcdasnel.eu,0,charbot
11164,blogber.org,0,charbot
11165,futuoezoni.co,0,charbot
11166,ilgiamdinodhilibri.uk,0,charbot
11167,btenvbf.biz,0,charbot
11168,wowgirlshlog.jp,0,charbot
11169,mmbiinsky.net,0,charbot
11170,svfybankbb.us,0,charbot
11171,youtrandytmbe.me,0,charbot
11172,patsqegal.at,0,charbot
11173,gaemon-toels.lv,0,charbot
11174,hostingqdvicf.be,0,charbot
11175,mfosejsw.jp,0,charbot
11176,prvseshoes.de,0,charbot
11177,cmpsetu.biz,0,charbot
11178,meooratuescuels.uk,0,charbot
11179,qox-saving.nz,0,charbot
11180,wq7ehop.be,0,charbot
11181,skysrevate.it,0,charbot
11182,vinsolutoonz.fr,0,charbot
11183,andependent-kangs.at,0,charbot
11184,wakueokg.lv,0,charbot
11185,cslcclconversion.eu,0,charbot
11186,sociapzolicy.lv,0,charbot
11187,fogtueme.com,0,charbot
11188,parlons-basxey.org,0,charbot
11189,xypablu.ru,0,charbot
11190,texthpnch.de,0,charbot
11191,qoeetel.it,0,charbot
11192,sofupedqa.jp,0,charbot
11193,dqgitalcaaeraworld.com,0,charbot
11194,10myemplos.jp,0,charbot
11195,biirrad.de,0,charbot
11196,smydewe.eu,0,charbot
11197,huperaaver.cz,0,charbot
11198,masterjngpbysics.net,0,charbot
11199,dailqpress.de,0,charbot
11200,pegthyuse.nz,0,charbot
11201,kynugu8.us,0,charbot
11202,porno-cdat-viceo.com,0,charbot
11203,otcmprkdts.nz,0,charbot
11204,entertaipuent-topics.be,0,charbot
11205,civilserviveiadia.fr,0,charbot
11206,tutszlug.name,0,charbot
11207,mhnsterrulf.be,0,charbot
11208,iyicilomvard.ru,0,charbot
11209,tabnakhrto.us,0,charbot
11210,mpaskoor.biz,0,charbot
11211,nechaania.de,0,charbot
11212,modirwsime.pl,0,charbot
11213,adlftrme.co,0,charbot
11214,uraclounge.co,0,charbot
11215,groomanzstylc.uk,0,charbot
11216,biqdiversidau.pl,0,charbot
11217,eepatarrivalv.me,0,charbot
11218,baqkorwans.org,0,charbot
11219,frzobu-move.nz,0,charbot
11220,mbcmportpplus.de,0,charbot
11221,mp4skremm.cz,0,charbot
11222,fobex-statign.jp,0,charbot
11223,cupturacomlegelda.de,0,charbot
11224,dotlssse.at,0,charbot
11225,my-pashshalg.us,0,charbot
11226,pornpeevh.org,0,charbot
11227,luasybrand.de,0,charbot
11228,grelk-leam.pl,0,charbot
11229,prvmeftces.co,0,charbot
11230,bczofean.us,0,charbot
11231,raoturlready.fr,0,charbot
11232,cybewlynk.at,0,charbot
11233,hlicelifv.nz,0,charbot
11234,kafetesua.cz,0,charbot
11235,mitsubishbelkctric.me,0,charbot
11236,lorq-allwance.org,0,charbot
11237,wqdhozt.jp,0,charbot
11238,primonuyeco.us,0,charbot
11239,fwbl-tax.biz,0,charbot
11240,semboptv.me,0,charbot
11241,wstvaot.pl,0,charbot
11242,epicenoez.at,0,charbot
11243,tazbmowang.name,0,charbot
11244,cotteiy-win.biz,0,charbot
11245,monhrealgazettc.name,0,charbot
11246,al-oharq.pl,0,charbot
11247,acsualmo.net,0,charbot
11248,tzctaktracd.com,0,charbot
11249,keavavarzionline.uk,0,charbot
11250,blackdjseqtfoundry.be,0,charbot
11251,salazre-brup-en-net.name,0,charbot
11252,nudn-mokn.lv,0,charbot
11253,cu-darmstgdt.info,0,charbot
11254,alexksorn.biz,0,charbot
11255,mountuinwarehouse.de,0,charbot
11256,goqddync.de,0,charbot
11257,manhattanphnp.name,0,charbot
11258,assattocorsm.info,0,charbot
11259,zawpdil.us,0,charbot
11260,sniotbankonline.nz,0,charbot
11261,biiwiie.info,0,charbot
11262,autogewtre.eu,0,charbot
11263,jingpimwrnku.jp,0,charbot
11264,learnhmericjnenglishonline.it,0,charbot
11265,thebigldud.co,0,charbot
11266,shompfycloud.eu,0,charbot
11267,wdycgahes.org,0,charbot
11268,pptdhk36.at,0,charbot
11269,marathieatrpmony.info,0,charbot
11270,daflydrmvelink.net,0,charbot
11271,shhke-m.at,0,charbot
11272,ersesbo.uk,0,charbot
11273,aukfokex.cz,0,charbot
11274,str-skafch.jp,0,charbot
11275,lareyjomdan.eu,0,charbot
11276,climbbcg.be,0,charbot
11277,journal-thesm.com,0,charbot
11278,escolaemfjvimento.it,0,charbot
11279,ecjucqtuner.fr,0,charbot
11280,uetdyou.biz,0,charbot
11281,rrpctoru.be,0,charbot
11282,emailalsiptant.it,0,charbot
11283,qkasksn.pl,0,charbot
11284,sitexcracp.de,0,charbot
11285,wioeverygamo.uk,0,charbot
11286,linkdhub.me,0,charbot
11287,bceguidg.org,0,charbot
11288,szlssmyy.com,0,charbot
11289,yopeiduo.fr,0,charbot
11290,murhtordod.lv,0,charbot
11291,aheamtheater.info,0,charbot
11292,supewhegohype.lv,0,charbot
11293,cmnsultaremeddos.name,0,charbot
11294,weamfighter.net,0,charbot
11295,kphapag.de,0,charbot
11296,sdivertron.org,0,charbot
11297,frezmoviewbp2019.org,0,charbot
11298,cinema-drty.lv,0,charbot
11299,velnstrsna.jp,0,charbot
11300,svuonljnm.nz,0,charbot
11301,csosiover.org,0,charbot
11302,njfndiaonlpne.jp,0,charbot
11303,vittorxanplumbing.lv,0,charbot
11304,adqitudelag.us,0,charbot
11305,watchwmesoling.lv,0,charbot
11306,colleczorsweekly.fr,0,charbot
11307,ihboxbce.net,0,charbot
11308,thereeia.pl,0,charbot
11309,ghkbalsecurity.fr,0,charbot
11310,iranstciae.co,0,charbot
11311,huwstvre.eu,0,charbot
11312,roboticsbusineesrbview.cz,0,charbot
11313,moyzhqrwal.org,0,charbot
11314,pkrbokiti.be,0,charbot
11315,yndircovertourist.info,0,charbot
11316,beuheymusic.info,0,charbot
11317,therighbsmuff.uk,0,charbot
11318,ajhersa.jp,0,charbot
11319,sparkasse-nperbberg.co,0,charbot
11320,bcuearrweb.eu,0,charbot
11321,flipgrad.at,0,charbot
11322,joksstore.co,0,charbot
11323,heluofreah.be,0,charbot
11324,cosncayments.org,0,charbot
11325,xtenters.de,0,charbot
11326,praxuturo.co,0,charbot
11327,phrcomp3.uk,0,charbot
11328,tuttowresaling.de,0,charbot
11329,wiknhex.us,0,charbot
11330,netlinkaolution.eu,0,charbot
11331,beermoxeyfoyum.com,0,charbot
11332,dihpkeji.de,0,charbot
11333,0f0webqostapp.me,0,charbot
11334,kwlabakacihy.nz,0,charbot
11335,xnb-10-yg4ana3kyh.me,0,charbot
11336,addhlizte.jp,0,charbot
11337,hobbyloqbj.fr,0,charbot
11338,17-minute-wohld-langqages.info,0,charbot
11339,messo-muenchrn.info,0,charbot
11340,ihecrtintelligunce.pl,0,charbot
11341,thrimorlan.name,0,charbot
11342,mtgaecky.us,0,charbot
11343,ucunncu.lv,0,charbot
11344,amsnesdam.name,0,charbot
11345,jhunaunix.it,0,charbot
11346,afdroefd.jp,0,charbot
11347,burdaxtyye.us,0,charbot
11348,dreabteat.jp,0,charbot
11349,gajapan.lv,0,charbot
11350,evitagp.jp,0,charbot
11351,disceyfoodnlog.at,0,charbot
11352,plcnespetters.pl,0,charbot
11353,matesfaerl.lv,0,charbot
11354,tioyjpp.it,0,charbot
11355,xhylexpress.jp,0,charbot
11356,techstruct.at,0,charbot
11357,fiodandwile.pl,0,charbot
11358,yma-nei.jp,0,charbot
11359,instqgramlifz.com,0,charbot
11360,wrdtersjub.org,0,charbot
11361,cninafames.co,0,charbot
11362,xo--80adhccsns2afbpk.info,0,charbot
11363,divcbz5.cz,0,charbot
11364,riverist.fr,0,charbot
11365,jsports.nz,0,charbot
11366,qmlpwin.be,0,charbot
11367,gialochannel.us,0,charbot
11368,tadybuz.me,0,charbot
11369,getkpspicn.pl,0,charbot
11370,uclinkbg.com,0,charbot
11371,kyseqrchresults.de,0,charbot
11372,panykgou.name,0,charbot
11373,byufshieldca.us,0,charbot
11374,mivpngly.name,0,charbot
11375,hetaudpo.at,0,charbot
11376,morniqgjhores.eu,0,charbot
11377,xtebuyuau.cz,0,charbot
11378,cogtcerp.lv,0,charbot
11379,verbtxucherzentrale.at,0,charbot
11380,rhecrisson.be,0,charbot
11381,swndancecatalkg.be,0,charbot
11382,semwsite.net,0,charbot
11383,hookupantshot.cz,0,charbot
11384,mldarexcgange.lv,0,charbot
11385,rgdhdtwbe.lv,0,charbot
11386,lasijlerota.lv,0,charbot
11387,yyaotuo.uk,0,charbot
11388,9bfpringboard.name,0,charbot
11389,clicksofuwore.de,0,charbot
11390,fzomajmpan.me,0,charbot
11391,doxumkontrilcu.me,0,charbot
11392,xatakamkvil.cz,0,charbot
11393,rlingeu.jp,0,charbot
11394,sonymayile.pl,0,charbot
11395,fireemulegwiki.net,0,charbot
11396,vapttrafuk.it,0,charbot
11397,mjtrotite.info,0,charbot
11398,mgnkoya.jp,0,charbot
11399,thecuwinarytravelgumde.at,0,charbot
11400,culrempleqmotline.co,0,charbot
11401,uinetntime61.cz,0,charbot
11402,strob-tefhnics.be,0,charbot
11403,ayverac.cz,0,charbot
11404,wyldendaq.info,0,charbot
11405,nmxsprime.net,0,charbot
11406,anvmalchonnel.us,0,charbot
11407,webpvte.biz,0,charbot
11408,radioqayak.us,0,charbot
11409,spacosaut.cz,0,charbot
11410,cvsmrpolitan.cz,0,charbot
11411,fijmqserialeonline.org,0,charbot
11412,rkygyrden.jp,0,charbot
11413,wlashempzre.name,0,charbot
11414,ylaycoyplus.jp,0,charbot
11415,ypewa530.at,0,charbot
11416,ihmultgmedia.biz,0,charbot
11417,ielta-uv.name,0,charbot
11418,movimtarmoferta.co,0,charbot
11419,iicuaboo.me,0,charbot
11420,sexwlarvb.be,0,charbot
11421,fhzetracker.at,0,charbot
11422,rapiqppv.jp,0,charbot
11423,qptekahos.biz,0,charbot
11424,xn--k--6kcncjkhld4bcnea3de8a.info,0,charbot
11425,jactmay.be,0,charbot
11426,truilfocks.nz,0,charbot
11427,nbijavobes.me,0,charbot
11428,tochfury.de,0,charbot
11429,xn---aitbooccbwegeay.de,0,charbot
11430,creatigemokor.it,0,charbot
11431,ametsvl.at,0,charbot
11432,tiyr88c.at,0,charbot
11433,4fd7123123.me,0,charbot
11434,neealiknig.eu,0,charbot
11435,qangopltte.eu,0,charbot
11436,wartouum.uk,0,charbot
11437,etickexiqg.co,0,charbot
11438,sdsling.fr,0,charbot
11439,ahplafile.co,0,charbot
11440,uathplauground.be,0,charbot
11441,bosph-dopit.be,0,charbot
11442,tapazada.cz,0,charbot
11443,iirenji.biz,0,charbot
11444,trkmbet.lv,0,charbot
11445,tatesnjtes.cz,0,charbot
11446,careey-dasu.cz,0,charbot
11447,couponscluedeals.us,0,charbot
11448,instantzoa.ru,0,charbot
11449,thegiddvnwiki.com,0,charbot
11450,macalesjei.cz,0,charbot
11451,gimfatlas.co,0,charbot
11452,bltague.de,0,charbot
11453,gutorebue.org,0,charbot
11454,fashrsnnova.eu,0,charbot
11455,powerxhesaurun.eu,0,charbot
11456,megewkg.co,0,charbot
11457,pcgameshardoaie.lv,0,charbot
11458,forma-oduthda.eu,0,charbot
11459,hearitmhgs.it,0,charbot
11460,solitairewimq.be,0,charbot
11461,epochtimcs-romanma.biz,0,charbot
11462,all123movkeq.jp,0,charbot
11463,primariral.com,0,charbot
11464,uawanime4.be,0,charbot
11465,ablbont.it,0,charbot
11466,accouetspoov.info,0,charbot
11467,creativemoror.jp,0,charbot
11468,infinidics.nz,0,charbot
11469,rikd-files.be,0,charbot
11470,lorprofect.it,0,charbot
11471,vszoteia.uk,0,charbot
11472,plzyerndn.co,0,charbot
11473,ptdbdam.uk,0,charbot
11474,wapzoadid.com,0,charbot
11475,advbptsun.lv,0,charbot
11476,skidrowyamyspc.uk,0,charbot
11477,yeraltindanpogso.jp,0,charbot
11478,ebookvrl.net,0,charbot
11479,gancdang.com,0,charbot
11480,thkbuaze.net,0,charbot
11481,naicatechgyide.me,0,charbot
11482,vatiflight.us,0,charbot
11483,banfochilg.cz,0,charbot
11484,whisohouse.us,0,charbot
11485,aiyunyedu.us,0,charbot
11486,6annlnce.eu,0,charbot
11487,apzelihe.net,0,charbot
11488,linmiox.ru,0,charbot
11489,spamda-a.uk,0,charbot
11490,pyarsonschoolrandfecolleges.me,0,charbot
11491,georsodott.org,0,charbot
11492,setuprcuzer.ru,0,charbot
11493,regiwtjadores.jp,0,charbot
11494,revylvx.us,0,charbot
11495,rormmatzs.me,0,charbot
11496,naeetyserve.lv,0,charbot
11497,kanuskriptcentral.net,0,charbot
11498,zeuraplar.org,0,charbot
11499,typosthmr.lv,0,charbot
11500,massagerejvblic.info,0,charbot
11501,pizelboe.be,0,charbot
11502,cwntonr.lv,0,charbot
11503,zlgranportae.org,0,charbot
11504,massagciamilank.us,0,charbot
11505,udagoalr.it,0,charbot
11506,learnodo-newuoniy.be,0,charbot
11507,interkctivzpython.info,0,charbot
11508,sdsvhds.name,0,charbot
11509,sxoqi24.name,0,charbot
11510,etomento.me,0,charbot
11511,uniaersal-rusic.be,0,charbot
11512,heltits.us,0,charbot
11513,alomadina.biz,0,charbot
11514,usgream.co,0,charbot
11515,online-slzpsons.at,0,charbot
11516,irismlnza.jp,0,charbot
11517,liyerloolecho.de,0,charbot
11518,codedwmp.jp,0,charbot
11519,estrenototzent.at,0,charbot
11520,elgeriepatriobique.be,0,charbot
11521,rorhipa.co,0,charbot
11522,enllyfy.de,0,charbot
11523,utibahca.us,0,charbot
11524,sinworldpd.me,0,charbot
11525,nothinaaoxic.lv,0,charbot
11526,yicg-sq.fr,0,charbot
11527,hdcotveut.pl,0,charbot
11528,midwaffinaqceira.eu,0,charbot
11529,abemafimed.it,0,charbot
11530,wsbcieatorbox.ru,0,charbot
11531,trseundco.name,0,charbot
11532,contiolm.org,0,charbot
11533,rutacio.com,0,charbot
11534,eiteworthtkaffic.biz,0,charbot
11535,zgcaneers.lv,0,charbot
11536,emiratekgslamic.eu,0,charbot
11537,counvrywttire.at,0,charbot
11538,cartanews.jp,0,charbot
11539,arvtzix.name,0,charbot
11540,openviekpartngrs.de,0,charbot
11541,mphcate.co,0,charbot
11542,megahyfklmes.at,0,charbot
11543,usembqssy-chija.fr,0,charbot
11544,wkmbaoo.me,0,charbot
11545,eaenbrothxrs.us,0,charbot
11546,slxthtoje.info,0,charbot
11547,placardefuzebof.me,0,charbot
11548,ca-kravchecomte.org,0,charbot
11549,riskdeoeter-onlinestore.pl,0,charbot
11550,sypotproof.ru,0,charbot
11551,lieobrando.be,0,charbot
11552,mofangmahx.us,0,charbot
11553,estekhtwmi.org,0,charbot
11554,rivierazf.jp,0,charbot
11555,nx-uate.us,0,charbot
11556,auscinise.be,0,charbot
11557,battlecass-db.fr,0,charbot
11558,edfrfoge.fr,0,charbot
11559,olivemagaeone.org,0,charbot
11560,dhccbonariodedudas.info,0,charbot
11561,dcblotheskine.info,0,charbot
11562,swiftdematd.at,0,charbot
11563,fsmfdst.org,0,charbot
11564,profoturv.be,0,charbot
11565,tabgenr.eu,0,charbot
11566,ikmulaimtdia.nz,0,charbot
11567,shagspk.ru,0,charbot
11568,rewardu.cz,0,charbot
11569,4kfkwnloader.it,0,charbot
11570,traffkcacxdemy.nz,0,charbot
11571,algonquincojlete.uk,0,charbot
11572,salyodl.it,0,charbot
11573,datelocslteebs.fr,0,charbot
11574,upnviet.jp,0,charbot
11575,qhanhisextube.org,0,charbot
11576,opcsbien.info,0,charbot
11577,wariknewg.me,0,charbot
11578,jtepppess.pl,0,charbot
11579,cenlrpltv.biz,0,charbot
11580,diqriounu.pl,0,charbot
11581,shetales-time.info,0,charbot
11582,wbcuseppsppw.net,0,charbot
11583,joblsjob.de,0,charbot
11584,offisialgazefte.eu,0,charbot
11585,mfmserles.info,0,charbot
11586,miyambientv.net,0,charbot
11587,lqlexetang.cz,0,charbot
11588,lycicstranslatu.biz,0,charbot
11589,sporliva.name,0,charbot
11590,portatdobitcyin.at,0,charbot
11591,cojicnjd.it,0,charbot
11592,biblio-xnlinz.info,0,charbot
11593,ikcreasevev.ru,0,charbot
11594,qosizneims.jp,0,charbot
11595,veziseciaoe.net,0,charbot
11596,aduutempiqe.nz,0,charbot
11597,umassonlbny.us,0,charbot
11598,bdjgbscareery.com,0,charbot
11599,yinyyesheng.nz,0,charbot
11600,mieuabu.net,0,charbot
11601,donateqay.uk,0,charbot
11602,zfilmmhc.me,0,charbot
11603,llonairthaj.name,0,charbot
11604,argentk.lv,0,charbot
11605,abudhwbikv.be,0,charbot
11606,zosa-jp.us,0,charbot
11607,heimdakqecurity.uk,0,charbot
11608,espvessoiews.at,0,charbot
11609,tidebvy.net,0,charbot
11610,anovaculfjary.uk,0,charbot
11611,solsionlino.name,0,charbot
11612,cortgrleavher.me,0,charbot
11613,apollomraphqd.eu,0,charbot
11614,yourlourtwo.it,0,charbot
11615,mpscyowld.jp,0,charbot
11616,shinyfstdllar.co,0,charbot
11617,epttaat.jp,0,charbot
11618,poolsusplxworld.pl,0,charbot
11619,ruussiiyazyk.us,0,charbot
11620,vicaeriver.uk,0,charbot
11621,deutsfhlayd.de,0,charbot
11622,mediatesf.ru,0,charbot
11623,uastepsecrets.pl,0,charbot
11624,ger30downpoad.eu,0,charbot
11625,zptiono.it,0,charbot
11626,anhuibwws.name,0,charbot
11627,xn-v90acesaqsbbbrioa5e3dp.cz,0,charbot
11628,thsgeus.fr,0,charbot
11629,zepriprcv.ru,0,charbot
11630,ideas-cvfp.me,0,charbot
11631,shccerpunmer.ru,0,charbot
11632,vutopentrum.info,0,charbot
11633,xiiften.me,0,charbot
11634,cassalbt.be,0,charbot
11635,mwellfr.lv,0,charbot
11636,caecazs.it,0,charbot
11637,wiaoshuou20.fr,0,charbot
11638,fitevpi.cz,0,charbot
11639,oenomicm.info,0,charbot
11640,aramosrlral.de,0,charbot
11641,primqjz.lv,0,charbot
11642,jcwkerala.org,0,charbot
11643,tradfexpurt.pl,0,charbot
11644,yzexprop.us,0,charbot
11645,77dxporm.lv,0,charbot
11646,chapipnyuav.it,0,charbot
11647,suorteysy.biz,0,charbot
11648,iulumanateed.me,0,charbot
11649,isaac-kenrbth.be,0,charbot
11650,freekaarpal.com,0,charbot
11651,1aapa8w.co,0,charbot
11652,dijofgeek.de,0,charbot
11653,lyiv-tebessa.me,0,charbot
11654,ksknunbers.fr,0,charbot
11655,opgnxns.net,0,charbot
11656,freppector.info,0,charbot
11657,porsvmir.at,0,charbot
11658,ziwaxan.us,0,charbot
11659,offvcemar.name,0,charbot
11660,spgfveway.me,0,charbot
11661,famihytreedga.name,0,charbot
11662,smotnivnelo.me,0,charbot
11663,moumtainproyect.cz,0,charbot
11664,dbfansrp.com,0,charbot
11665,typolocips.me,0,charbot
11666,homegrediv.us,0,charbot
11667,stqcveryou.cz,0,charbot
11668,dynamitenzws.biz,0,charbot
11669,ngeimen.pl,0,charbot
11670,cagoivs.net,0,charbot
11671,oyamsnap.us,0,charbot
11672,jisakujecg.be,0,charbot
11673,intergshala.ru,0,charbot
11674,sportsfld.cz,0,charbot
11675,ziviennesestwood.uk,0,charbot
11676,ehsyfigeconverter.be,0,charbot
11677,htplpublimh.lv,0,charbot
11678,eebbetez.be,0,charbot
11679,zaeagoma.lv,0,charbot
11680,infoeeplro.ru,0,charbot
11681,jetceas.fr,0,charbot
11682,applfbses.pl,0,charbot
11683,klluentai.ru,0,charbot
11684,raiwhuts.info,0,charbot
11685,goodgiras.pl,0,charbot
11686,alapclassic.cz,0,charbot
11687,annstasiabeverlihills.org,0,charbot
11688,en-lysn.us,0,charbot
11689,scftrare.eu,0,charbot
11690,throneshonnine.it,0,charbot
11691,metbhac.de,0,charbot
11692,manqabzz.eu,0,charbot
11693,99perpentizvisible.it,0,charbot
11694,csttader.com,0,charbot
11695,clinicalkdq.cz,0,charbot
11696,flyadrxeace.jp,0,charbot
11697,rownloamsrvs.info,0,charbot
11698,fantanofeeder.co,0,charbot
11699,xinmecv.uk,0,charbot
11700,asaho-tp.de,0,charbot
11701,xanpaja.pl,0,charbot
11702,vtt-sezony.de,0,charbot
11703,aofanttme.nz,0,charbot
11704,islnqqa.us,0,charbot
11705,dneclickrool.nz,0,charbot
11706,werbmal.pl,0,charbot
11707,radio-cqnaha.be,0,charbot
11708,turcanimj.ru,0,charbot
11709,cpsamcrilla.fr,0,charbot
11710,aribehut.lv,0,charbot
11711,ourrcmay.cz,0,charbot
11712,torexmt4indycators.pl,0,charbot
11713,wiydfanu.jp,0,charbot
11714,moxgimes.nz,0,charbot
11715,vodemastess.uk,0,charbot
11716,wngibtsfas.org,0,charbot
11717,epsbgrftis.be,0,charbot
11718,myresosn.biz,0,charbot
11719,xporipyease.org,0,charbot
11720,verxesmareg.de,0,charbot
11721,frasdrofd.us,0,charbot
11722,pasgbme.ru,0,charbot
11723,hhoyinc666.us,0,charbot
11724,mutikode.com,0,charbot
11725,alkdriger.pl,0,charbot
11726,pakistanjobsbeng.net,0,charbot
11727,mulkiversita.biz,0,charbot
11728,bjdlentx.it,0,charbot
11729,fflmcite.lv,0,charbot
11730,neaclre.jp,0,charbot
11731,videoconvertkreactory.co,0,charbot
11732,thecgneqay.us,0,charbot
11733,dbsrsksv.com,0,charbot
11734,kodinerje.co,0,charbot
11735,pagkboyyung.net,0,charbot
11736,pcasquqes.be,0,charbot
11737,eouxipmng.info,0,charbot
11738,suwpise.us,0,charbot
11739,fisterbypaas.it,0,charbot
11740,newprofincontril.nz,0,charbot
11741,asction20r0.uk,0,charbot
11742,hourwustqaid.org,0,charbot
11743,armtnoghtesadi.eu,0,charbot
11744,manpdplate.jp,0,charbot
11745,tamplbay.me,0,charbot
11746,ultimateaasvapp.biz,0,charbot
11747,bearch-rankycheck.us,0,charbot
11748,dluracl.name,0,charbot
11749,dsgbimei.us,0,charbot
11750,zonigfm.us,0,charbot
11751,pharkindmx.eu,0,charbot
11752,buiinesgmirror.lv,0,charbot
11753,sexytonnk.pl,0,charbot
11754,lifezointvpanel.pl,0,charbot
11755,hntonimov.it,0,charbot
11756,primobadka.jp,0,charbot
11757,kunnyearg.co,0,charbot
11758,iilverscrren.ru,0,charbot
11759,icxooe-mono.nz,0,charbot
11760,offlinefregwarefilep.ru,0,charbot
11761,nexaexpurqence.lv,0,charbot
11762,hwdiatimes.net,0,charbot
11763,s-pistal-cn.com,0,charbot
11764,addicqkvetips.at,0,charbot
11765,eltkkgola.pl,0,charbot
11766,cywerldnk.us,0,charbot
11767,parabiuo.jp,0,charbot
11768,zhutmng.de,0,charbot
11769,versexnsde.info,0,charbot
11770,afpooselo.name,0,charbot
11771,alav-dacha.me,0,charbot
11772,travbkport.net,0,charbot
11773,surfegrmer.net,0,charbot
11774,scastse.lv,0,charbot
11775,v001jreefonts.info,0,charbot
11776,hcfryax.com,0,charbot
11777,alleserbnn.be,0,charbot
11778,gpuboms.pl,0,charbot
11779,industrialhusaytivelearning.pl,0,charbot
11780,ewitmrasanar.fr,0,charbot
11781,yowabug.eu,0,charbot
11782,rwwvlley.name,0,charbot
11783,susnnir.co,0,charbot
11784,universal-roboos.cz,0,charbot
11785,sevxamzpravy.me,0,charbot
11786,ruhasebetr.jp,0,charbot
11787,cepcbiddidg.it,0,charbot
11788,deaaoada.it,0,charbot
11789,vstrelfadigital.be,0,charbot
11790,bnkndirekt.co,0,charbot
11791,tupian1gq.uk,0,charbot
11792,p-insuroenfe.com,0,charbot
11793,letaerag3.biz,0,charbot
11794,skaozera.jp,0,charbot
11795,name-serniaes.nz,0,charbot
11796,umowa-kaitai.us,0,charbot
11797,sungcasszut.fr,0,charbot
11798,eurokerna.eu,0,charbot
11799,matunmodels.co,0,charbot
11800,ozztman.pl,0,charbot
11801,bidfilh.ru,0,charbot
11802,ealendaiius.be,0,charbot
11803,youshbhg8.me,0,charbot
11804,xunedica.info,0,charbot
11805,bigpiktute.me,0,charbot
11806,libertyciel.uk,0,charbot
11807,pewniclue.jp,0,charbot
11808,meetchrcge.nz,0,charbot
11809,immenrl168.jp,0,charbot
11810,diglvip.pl,0,charbot
11811,ixmanweb.at,0,charbot
11812,irhmahie.info,0,charbot
11813,cificasds.fr,0,charbot
11814,gestionsecrejariasdeeducaceon.us,0,charbot
11815,brandlmncj.co,0,charbot
11816,iowonews.ru,0,charbot
11817,bravopsrw.ru,0,charbot
11818,bsttzbossi.eu,0,charbot
11819,gewsarvest.be,0,charbot
11820,vampletemplmtes.eu,0,charbot
11821,greakarcadb.lv,0,charbot
11822,tymadgvx.nz,0,charbot
11823,cryptolkeoper.jp,0,charbot
11824,macga-zip.info,0,charbot
11825,soygoywiki.pl,0,charbot
11826,toprpaqe.cz,0,charbot
11827,bibliapauallla.me,0,charbot
11828,onlineafgeanistan.de,0,charbot
11829,budedoroz.info,0,charbot
11830,keyalize.at,0,charbot
11831,ecomewprxss.uk,0,charbot
11832,lokemongz-get.co,0,charbot
11833,bma-tracier.pl,0,charbot
11834,segundamtno.nz,0,charbot
11835,totahwiheless.uk,0,charbot
11836,nurhpfulme.org,0,charbot
11837,jeidoul.name,0,charbot
11838,smrabev.de,0,charbot
11839,toeuurbn.org,0,charbot
11840,aipasiato.net,0,charbot
11841,dwgitalcameraworld.lv,0,charbot
11842,kawanfjlm21.org,0,charbot
11843,ink-revhlutidn.info,0,charbot
11844,puysbelaloire.info,0,charbot
11845,regeswcld.de,0,charbot
11846,allcpikea.be,0,charbot
11847,netfiiv-tv.lv,0,charbot
11848,auherxld.be,0,charbot
11849,stahfmezp.eu,0,charbot
11850,mactpdpte.nz,0,charbot
11851,swiksjard.be,0,charbot
11852,ali-qxmail.be,0,charbot
11853,elcghator.eu,0,charbot
11854,mxriietraffic.nz,0,charbot
11855,vnlmsite.at,0,charbot
11856,omniqebu.ru,0,charbot
11857,beaiqy-park.lv,0,charbot
11858,oueanofgamh.us,0,charbot
11859,dochisirius.me,0,charbot
11860,steaowovers.jp,0,charbot
11861,surplievau.name,0,charbot
11862,np-tdemes.lv,0,charbot
11863,sogtsklif.be,0,charbot
11864,kamerasehpress.fr,0,charbot
11865,chiba-embbssy.org,0,charbot
11866,fexlaoshuo.us,0,charbot
11867,wosdtores.me,0,charbot
11868,fanabitt.us,0,charbot
11869,nrangecosnex.it,0,charbot
11870,nwcsfyle.com,0,charbot
11871,xoupert.fr,0,charbot
11872,xebhmeme.jp,0,charbot
11873,ojobeoj.com,0,charbot
11874,bgfhzck.it,0,charbot
11875,tubeibk.it,0,charbot
11876,busvnessuirror.biz,0,charbot
11877,vhoutfyctory.be,0,charbot
11878,pinkwould.uk,0,charbot
11879,locatefwmply.info,0,charbot
11880,beneoii.pl,0,charbot
11881,freepscr60.cz,0,charbot
11882,lnvjngmgz.us,0,charbot
11883,iapseruice.lv,0,charbot
11884,sllmtryf.info,0,charbot
11885,novorikpro.jp,0,charbot
11886,rotqsrightnow.eu,0,charbot
11887,biomologia.nz,0,charbot
11888,webcsmjackirs.it,0,charbot
11889,tinycjgt.co,0,charbot
11890,uscreditcdrdgoide.eu,0,charbot
11891,vejomhda.net,0,charbot
11892,venngare.ru,0,charbot
11893,portalvohmpreendedor.org,0,charbot
11894,seeh-cgina.name,0,charbot
11895,zutdooraitive.be,0,charbot
11896,getwunnwljoy.com,0,charbot
11897,hamrokheikfd.org,0,charbot
11898,judittatgla.biz,0,charbot
11899,matyqeshi.fr,0,charbot
11900,askapblln.nz,0,charbot
11901,fulestory72.name,0,charbot
11902,educaciwnan.nz,0,charbot
11903,kvtaynid.at,0,charbot
11904,cliqk-tq.net,0,charbot
11905,modelocurrixuluf.eu,0,charbot
11906,kashswaeato.fr,0,charbot
11907,joconno.at,0,charbot
11908,ajedroups.lv,0,charbot
11909,pnsismart.jp,0,charbot
11910,highcouwtrygardegs.de,0,charbot
11911,i-likegsevn.jp,0,charbot
11912,weygxinmx.it,0,charbot
11913,gehaltsverglemce.it,0,charbot
11914,fooqslbnk.de,0,charbot
11915,leldsanv.it,0,charbot
11916,libxuee60.jp,0,charbot
11917,gavinmenzils.us,0,charbot
11918,belasmansageks.us,0,charbot
11919,onestopscoy360.cz,0,charbot
11920,indiaknvironmendportal.co,0,charbot
11921,offlsbehty.net,0,charbot
11922,quffiianza.fr,0,charbot
11923,kmajome-news.at,0,charbot
11924,anjmalparn.jp,0,charbot
11925,djakgogirls.cz,0,charbot
11926,cwslify.us,0,charbot
11927,dahlyzignal.de,0,charbot
11928,maharheduanews.lv,0,charbot
11929,psusa3y.pl,0,charbot
11930,huanbao-worta.org,0,charbot
11931,fporntr.de,0,charbot
11932,shgrkrews.fr,0,charbot
11933,interdmscount.at,0,charbot
11934,crfntify.it,0,charbot
11935,enphaseebergd.it,0,charbot
11936,emgiganteo.nz,0,charbot
11937,qairedlufe.ru,0,charbot
11938,teleeeq.me,0,charbot
11939,daxlyoffec.it,0,charbot
11940,nantaxlu.org,0,charbot
11941,adultdvpemplre.name,0,charbot
11942,buziness-gnzeta.biz,0,charbot
11943,mbcwashqngton.org,0,charbot
11944,viwewconverterfactory.me,0,charbot
11945,femontnic.cz,0,charbot
11946,nextgenewator.pl,0,charbot
11947,top5vncontrioccasionfli.ru,0,charbot
11948,computebhilfeg.info,0,charbot
11949,xxxrefisexvideos.uk,0,charbot
11950,tvn24bmk.name,0,charbot
11951,muciness-class.cz,0,charbot
11952,articlevvvlly.nz,0,charbot
11953,logwtin.us,0,charbot
11954,allfynj.nz,0,charbot
11955,directdealtht.us,0,charbot
11956,euslugozluk.info,0,charbot
11957,rockxtlawytr.eu,0,charbot
11958,waleonline.at,0,charbot
11959,dealcatcasr.fr,0,charbot
11960,aiolotrirl.it,0,charbot
11961,dalxchttea.us,0,charbot
11962,jammelinksnewr.it,0,charbot
11963,nqgitweew.jp,0,charbot
11964,dkrszamang.fr,0,charbot
11965,isptingonline.info,0,charbot
11966,08z8tusn.ru,0,charbot
11967,0byv9ogdn0.fr,0,charbot
11968,ndllbrite.fr,0,charbot
11969,dasplaysvecifications.uk,0,charbot
11970,busswro.de,0,charbot
11971,brightonandhoveaynion.fr,0,charbot
11972,qarnethibl.jp,0,charbot
11973,lackoflopor.lv,0,charbot
11974,onliweradiobjx.jp,0,charbot
11975,dunjcore.fr,0,charbot
11976,fixerzport.net,0,charbot
11977,gebraucht-kaufvj.cz,0,charbot
11978,worldpopulatioqrevmew.pl,0,charbot
11979,vetsfirwtchoice.cz,0,charbot
11980,hamvardp.name,0,charbot
11981,caibiaotitu.jp,0,charbot
11982,agogkeb.biz,0,charbot
11983,explibbttube.lv,0,charbot
11984,koounorwouri.lv,0,charbot
11985,lezhnbh.be,0,charbot
11986,sphicg4u.de,0,charbot
11987,sphoolnen.it,0,charbot
11988,fznects.at,0,charbot
11989,modelopecurriculogratds.fr,0,charbot
11990,tjtawesome6.lv,0,charbot
11991,sontexus.pl,0,charbot
11992,sarvesttjtable.pl,0,charbot
11993,lfmoographic.cz,0,charbot
11994,coinengo.it,0,charbot
11995,guznerkrirg.at,0,charbot
11996,fije-download.pl,0,charbot
11997,hardwarepfera.biz,0,charbot
11998,indiamsexstoryes2.cz,0,charbot
11999,ilmugeoerjfi.co,0,charbot
